Home,131
The University of Texas at Austin,67
Radius at the Domain,40
ECJ,32
2428 Bigleaf Ct,28
2217 Stanmore Ln,11
Hotel Mulberry,10
Mission Possible Austin,8
Platform Apartments,7
Hancock Center,6
Gregory Gymnasium,6
Financial District,6
7-Eleven,6
Plano,6
Austin High School,5
McDonald's,5
Sun Lok Kee BBQ,5
Chinatown,4
Ketner Group PR + Marketing,4
Benold's Jewelers,4
Chipotle Mexican Grill,4
Olympic Lodge,3
University of Texas at Austin,3
Student Activity Center,3
Pike Place Market,3
H-E-B Grocery,3
Starbucks,3
Taco Joint,3
Hampton Inn Ft. Lauderdale Airport North Cruise Port,3
Port Angeles,3
Northcross Mall,3
Austin-Bergstrom International Airport,3
Target,2
DFW International Airport,2
TK Hair Salon - Extensions & Haircuts Plano,2
LaGuardia Airport,2
Madam Mam's,2
Cabo Bob's,2
Mozart's Coffee Roasters,2
Costco Wholesale,2
Austin,2
Edge Eleven,2
Playa Uvas,2
Fricano's Deli & Catering,2
Next Door Gastropub,2
3500 Duval St,2
Texas Federation of Women's Clubs,2
Chinatown Center,2
Aura Cedar Apartments,2
Harbordale,2
Chick-fil-A,2
Richardson,2
Port Everglades Terminal 29,2
Cozumel,2
Pei Wei,2
334 Furman St,1
Fort Lauderdale-Hollywood International Airport,1
Olympic National Park,1
Museum of Chinese In America,1
Vineyard Shopping Center,1
Safeway,1
Fish Shack,1
Seattle-Tacoma International Airport,1
"Port Angeles, WA",1
JINYA Ramen Bar,1
Lamb's Tire & Automotive #4 (Far West),1
Enchanted Rock State Natural Area,1
Times Square,1
Bruce Miller Nursery,1
10241 N Interstate 35 Frontage Rd,1
Central Beach,1
Xi'an Famous Foods,1
Legacy Hall,1
Shiawase,1
St. George Ferry Terminal,1
Teapioca Lounge,1
Poke House Austin,1
701 Legacy Dr,1
Walton's Fancy & Staple,1
North Lake,1
The Shops at Arbor Walk,1
McCombs School of Business,1
Garment District,1
Juan in a Million,1
Noodle Village,1
Ross Dress for Less,1
Hollywood,1
Balcones Woods,1
Whole Foods Market Global Support Offices,1
Uchiko,1
Eye Physicians of Austin,1
Bar Pa Tea,1
Calloway's Nursery,1
Sushi Sake,1
Der Lindenbaum,1
Times Sq-42 St Subway Station,1
Haywire,1
The Block on Pearl South,1
H Mart,1
West Campus,1
Winn-Dixie,1
Maple Leaf Diner,1
Beach Bunnies Cafe,1
Moody,1
Sing Kee,1
Fort Lauderdale Beach Park,1
Einstein Bros. Bagels,1
10401 Research Blvd,1
Caffe Medici,1
Tea Haus,1
University Co-op,1
St. Johns,1
12800 Harrisglenn Dr,1
Tyson's Tacos,1
"Homewood Suites by Hilton New York/Midtown Manhattan Times Square-South, NY",1
Best Buy,1
St. Bart's Coffee Company,1
Brooklyn Bridge,1
Waller Creek District,1
99 Ranch Market,1
Randalls,1
Westfield World Trade Center,1
Sonic Drive-In,1
Rialto Beach,1
FAC,1
Cafe Brazil,1
Pho Dan,1
Central Market,1
"Cruise Ship Terminal, Cozumel, Mexico",1
2301 SE 17th St,1
Coconuts,1
"Tapioca House, Richardson",1
Leo's Bagels,1
The Boil,1
The Drag,1
230 Vesey St,1
Center of the Hills,1
Bamboo Bistro,1
Summermoon Coffee Bar,1
Arboretum Oaks Apartments,1
Baylor University,1
Maya Chan Beach,1
Veracruz All Natural,1
Amalfi Stonebriar,1
Gosling Dr,1
Tech Ridge Center,1
Casa Chapala,1
Buc-ee's,1
Lakeline Mall,1
3100 Red River/32nd,1
Tendy's Garden,1
2900 W Anderson Ln,1
Fish House Family Cuisine,1
Seattle,1
Chili's Grill & Bar,1
Zenna,1
Majestic Theatre,1
Stonebriar Centre,1
Village Shopping Center,1
Snooze an A.M. Eatery,1
Apanas,1
Norman Hackerman Building,1
Walmart Supercenter,1
Chuy's,1
Forlini's,1
Cinemark Legacy and XD,1
"The New Yorker, A Wyndham Hotel",1
Black Star Co-op,1
Wah Fung Fast Food,1
Greenwich Village,1
Cha Chan Tang,1
TCBY,1
Golden Unicorn,1
Murphy USA,1
Perry's Steakhouse & Grille,1
Oak Point Park and Nature Preserve,1
Little Italy,1
Great Hills Eye Care,1
Vickery Meadow,1
Bainbridge Island,1
Caff√© Medici,1
